Company,Type,Location,Remote/Hybrid Chance,Contact Email,Careers / Apply Link,Notes for 2nd-year ML/DS Student,CV Match Score (1-10),Why it matches your CV,Source
ContentJet Inc.,Company,Anywhere in the World,Fully Remote (High),,https://weworkremotely.com/remote-jobs/contentjet-inc-automation-integration-engineer,Strong rag signal — lead with your LLM/Agentic project work. Remote available — mention international availability.,7,"Directly matches your rag focus; overlaps with your docker, agent, python experience; remote/hybrid accessible from Tunisia.",We Work Remotely
Tether,Lab,Anywhere in the World,Fully Remote (High),,https://weworkremotely.com/remote-jobs/tether-ai-research-engineer,Good ML fit; emphasize agent background. Remote available — mention international availability.,6,"Overlaps with your agent, machine learning, nlp experience; remote/hybrid accessible from Tunisia.",We Work Remotely
Insider One,Startup,Remote,Fully Remote (High),,https://remoteOK.com/remote-jobs/remote-frontend-developer-vue-js-insider-one-1131167,Strong rag signal — lead with your LLM/Agentic project work. Remote available — mention international availability.,6,Directly matches your rag focus; overlaps with your machine learning experience; remote/hybrid accessible from Tunisia.,Remote OK
MoonPay,Company,Remote,Fully Remote (High),,https://remoteOK.com/remote-jobs/remote-cloud-security-engineer-moonpay-1130923,Strong rag signal — lead with your LLM/Agentic project work. Remote available — mention international availability.,6,Directly matches your rag focus; overlaps with your python experience; remote/hybrid accessible from Tunisia.,Remote OK
Reveleer,Company,Anywhere in the World,Fully Remote (High),,https://weworkremotely.com/remote-jobs/reveleer-full-stack-ai-engineer,Strong rag signal — lead with your LLM/Agentic project work. Remote available — mention international availability.,5,Directly matches your rag focus; overlaps with your agent experience; remote/hybrid accessible from Tunisia.,We Work Remotely
Front End Engineer,Company,Anywhere in the World,Fully Remote (High),,https://weworkremotely.com/remote-jobs/eventmobi-front-end-engineer-remote,Strong rag signal — lead with your LLM/Agentic project work. Remote available — mention international availability.,5,Directly matches your rag focus; remote/hybrid accessible from Tunisia.,We Work Remotely
ContentJet Inc.,Company,Anywhere in the World,Fully Remote (High),,https://weworkremotely.com/remote-jobs/contentjet-inc-ai-agent-architect-builder,Strong rag signal — lead with your LLM/Agentic project work. Remote available — mention international availability.,5,"Directly matches your rag focus; overlaps with your agent, python experience; remote/hybrid accessible from Tunisia.",We Work Remotely
Pilotly,Company,"Flexible / Remote, Los Angeles, CA, Oakland, CA",Remote possible (Medium),,,Strong rag signal — lead with your LLM/Agentic project work. Remote available — mention international availability.,5,"Directly matches your rag focus; overlaps with your python, data science experience; remote/hybrid accessible from Tunisia.",The Muse
Alimentiv,Company,Remote,Fully Remote (High),,https://remoteOK.com/remote-jobs/remote-imaging-research-and-development-associate-alimentiv-1131217,Strong rag signal — lead with your LLM/Agentic project work. Remote available — mention international availability.,5,Directly matches your rag focus; remote/hybrid accessible from Tunisia.,Remote OK
Insider One,Startup,"Istanbul, Turkiye",Fully Remote (High),,https://remoteOK.com/remote-jobs/remote-ai-transformation-lead-insider-one-1131194,Strong rag signal — lead with your LLM/Agentic project work. Remote available — mention international availability.,5,Directly matches your rag focus; overlaps with your machine learning experience; remote/hybrid accessible from Tunisia.,Remote OK
Ekumen,Company,Remote,Fully Remote (High),,https://remoteOK.com/remote-jobs/remote-culture-people-development-specialist-ekumen-1131108,Strong rag signal — lead with your LLM/Agentic project work. Remote available — mention international availability.,5,Directly matches your rag focus; remote/hybrid accessible from Tunisia.,Remote OK
Automatiq,Company,Remote,Fully Remote (High),,https://remoteOK.com/remote-jobs/remote-payments-amp-billing-operations-analyst-automatiq-1130956,Strong rag signal — lead with your LLM/Agentic project work. Remote available — mention international availability.,5,Directly matches your rag focus; overlaps with your agent experience; remote/hybrid accessible from Tunisia.,Remote OK
Dave,Company,Remote,Fully Remote (High),,https://remoteOK.com/remote-jobs/remote-financial-crimes-analyst-i-dave-1130845,Strong rag signal — lead with your LLM/Agentic project work. Remote available — mention international availability.,5,Directly matches your rag focus; remote/hybrid accessible from Tunisia.,Remote OK
Unknown,Company,HarsewinkelÂ+ 0 more,Unknown,,https://www.xing.com/jobs/harsewinkel-claas-inside-praktikum-abschlussarbeit-large-language-models-llms-rag-151919959,Strong rag signal — lead with your LLM/Agentic project work.,5,"Directly matches your rag, llm focus.",XING
Elevated Leads Limited,Company,Anywhere in the World,Fully Remote (High),,https://weworkremotely.com/remote-jobs/elevated-leads-limited-chrome-extension-developer-igaming-product-new-build,Good ML fit; emphasize python background. Remote available — mention international availability.,4,Overlaps with your python experience; remote/hybrid accessible from Tunisia.,We Work Remotely
Headlight,Company,Remote,Fully Remote (High),,https://remoteOK.com/remote-jobs/remote-learning-and-development-specialist-headlight-1131216,Strong rag signal — lead with your LLM/Agentic project work. Remote available — mention international availability.,4,Directly matches your rag focus; remote/hybrid accessible from Tunisia.,Remote OK
Rowan,Company,Remote,Fully Remote (High),,https://remoteOK.com/remote-jobs/remote-retail-strategic-associate-rowan-1131141,Strong rag signal — lead with your LLM/Agentic project work. Remote available — mention international availability.,4,Directly matches your rag focus; remote/hybrid accessible from Tunisia.,Remote OK
Trilogy Federal,Company,"Arlington, VA",Fully Remote (High),,https://remoteOK.com/remote-jobs/remote-cyber-security-analyst-trilogy-federal-1131069,Strong rag signal — lead with your LLM/Agentic project work.,4,Directly matches your rag focus.,Remote OK
Decile Group,Company,Remote,Fully Remote (High),,https://remoteOK.com/remote-jobs/remote-front-end-engineer-decile-group-1131058,Strong rag signal — lead with your LLM/Agentic project work. Remote available — mention international availability.,4,Directly matches your rag focus; remote/hybrid accessible from Tunisia.,Remote OK
Symmetry Systems,Company,Remote,Fully Remote (High),,https://remoteOK.com/remote-jobs/remote-associate-forward-deployed-engineer-symmetry-systems-1130994,Strong rag signal — lead with your LLM/Agentic project work. Remote available — mention international availability.,4,Directly matches your rag focus; overlaps with your python experience; remote/hybrid accessible from Tunisia.,Remote OK
Welo Global,Company,Remote,Fully Remote (High),,https://remoteOK.com/remote-jobs/remote-lithuanian-localization-qa-tester-proofreader-welo-global-1130966,Good ML fit; emphasize machine learning background. Remote available — mention international availability.,4,"Overlaps with your machine learning, nlp experience; remote/hybrid accessible from Tunisia.",Remote OK
BHG Financial,Company,Remote,Fully Remote (High),,https://remoteOK.com/remote-jobs/remote-compensation-analyst-bhg-financial-1130874,Strong rag signal — lead with your LLM/Agentic project work. Remote available — mention international availability.,4,Directly matches your rag focus; remote/hybrid accessible from Tunisia.,Remote OK
ALX Africa,Company,Remote,Fully Remote (High),,https://remoteOK.com/remote-jobs/remote-customer-support-agent-alx-africa-1130805,Good ML fit; emphasize agent background. Remote available — mention international availability.,4,"Overlaps with your agent, data science experience; remote/hybrid accessible from Tunisia.",Remote OK
Remotasks,Company,Remote,Fully Remote (High),,https://remoteOK.com/remote-jobs/remote-ai-training-for-igbo-writers-remotasks-1130723,Strong llm signal — lead with your LLM/Agentic project work. Remote available — mention international availability.,4,Directly matches your llm focus; remote/hybrid accessible from Tunisia.,Remote OK
Cloud Accountant Staffing,Company,Remote,Fully Remote (High),,https://remoteOK.com/remote-jobs/remote-us-client-accounting-advisor-cloud-accountant-staffing-1130414,Solid engineering role; highlight Python and ML exposure. Remote available — mention international availability.,4,Remote/hybrid accessible from Tunisia.,Remote OK
8am,Company,Anywhere in the World,Fully Remote (High),,https://weworkremotely.com/remote-jobs/8am-product-designer-growth,Strong rag signal — lead with your LLM/Agentic project work. Remote available — mention international availability.,3,Directly matches your rag focus; remote/hybrid accessible from Tunisia.,We Work Remotely
The Corvus Group Inc,Company,Anywhere in the World,Fully Remote (High),,https://weworkremotely.com/remote-jobs/the-corvus-group-inc-react-frontend-developer,Solid engineering role; highlight Python and ML exposure. Remote available — mention international availability.,3,Remote/hybrid accessible from Tunisia.,We Work Remotely
360Learning,Company,"Paris, Remote",Fully Remote (High),,https://remoteOK.com/remote-jobs/remote-trainer-emea-360learning-1131306,Solid engineering role; highlight Python and ML exposure. Remote available — mention international availability.,3,Remote/hybrid accessible from Tunisia.,Remote OK
Fox GLobal Assets,Company,Remote,Fully Remote (High),,https://remoteOK.com/remote-jobs/remote-crypto-trader-fox-global-assets-1131243,Solid engineering role; highlight Python and ML exposure. Remote available — mention international availability.,3,Remote/hybrid accessible from Tunisia.,Remote OK
Criptoro,Company,Remote,Fully Remote (High),,https://remoteOK.com/remote-jobs/remote-data-analyst-criptoro-1131219,Good ML fit; emphasize python background. Remote available — mention international availability.,3,Overlaps with your python experience; remote/hybrid accessible from Tunisia.,Remote OK
Wrike,Company,US,Fully Remote (High),,https://remoteOK.com/remote-jobs/remote-customer-success-engineer-wrike-1131211,Strong rag signal — lead with your LLM/Agentic project work.,3,Directly matches your rag focus.,Remote OK
EXPANSIA,Company,Remote,Fully Remote (High),,https://remoteOK.com/remote-jobs/remote-e01-hr-compliance-specialist-iv-expansia-1131045,Solid engineering role; highlight Python and ML exposure. Remote available — mention international availability.,3,Remote/hybrid accessible from Tunisia.,Remote OK
Huzzle,Startup,Remote,Fully Remote (High),,https://remoteOK.com/remote-jobs/remote-sales-development-representative-huzzle-1130984,Solid engineering role; highlight Python and ML exposure. Remote available — mention international availability.,3,Remote/hybrid accessible from Tunisia.,Remote OK
Destination Knot,Company,"Dallas, Texas",Fully Remote (High),,https://remoteOK.com/remote-jobs/remote-customer-service-booking-hotels-we-will-train-you-destination-knot-1130822,Solid engineering role; highlight Python and ML exposure. Remote available — mention international availability.,3,Remote/hybrid accessible from Tunisia.,Remote OK
Kastle,Startup,Remote,Fully Remote (High),,https://remoteOK.com/remote-jobs/remote-ai-trainer-kastle-1130776,Good ML fit; emphasize agent background. Remote available — mention international availability.,3,Overlaps with your agent experience; remote/hybrid accessible from Tunisia.,Remote OK
Hunt St,Company,Remote,Fully Remote (High),,https://remoteOK.com/remote-jobs/remote-training-assessment-assessor-hunt-st-1130685,Solid engineering role; highlight Python and ML exposure. Remote available — mention international availability.,3,Remote/hybrid accessible from Tunisia.,Remote OK
Accenture Federal Services,Company,"Reston, VA",Fully Remote (High),,https://remoteOK.com/remote-jobs/remote-cloud-architect-accenture-federal-services-1130620,Strong rag signal — lead with your LLM/Agentic project work.,3,Directly matches your rag focus; overlaps with your docker experience.,Remote OK
Magic Media,Company,Remote,Fully Remote (High),,https://remoteOK.com/remote-jobs/remote-c-developer-magic-media-1130444,Good ML fit; emphasize python background. Remote available — mention international availability.,3,Overlaps with your python experience; remote/hybrid accessible from Tunisia.,Remote OK
Doctolib,Company,"Paris, Île-de-France, France",Unknown,,https://fr.linkedin.com/jobs/view/ai-machine-learning-research-intern-x-f-m-at-doctolib-4378009214,Good ML fit; emphasize machine learning background. In France — apply in French or bilingual.,3,Overlaps with your machine learning experience.,LinkedIn
Huawei Canada,Company,"Markham, Ontario, Canada",Unknown,,https://ca.linkedin.com/jobs/view/intern-researcher-ai-agent-evaluation-at-huawei-canada-4387983756,Good ML fit; emphasize agent background. Canada role — check visa/permit requirements for internships.,3,Overlaps with your agent experience.,LinkedIn
Huawei Canada,Company,"Markham, Ontario, Canada",Unknown,,https://ca.linkedin.com/jobs/view/intern-researcher-ai-agent-at-huawei-canada-4385551601,Good ML fit; emphasize agent background. Canada role — check visa/permit requirements for internships.,3,Overlaps with your agent experience.,LinkedIn
Europ Assistance,Company,"St.-Denis, Île-de-France, France",Unknown,,https://fr.linkedin.com/jobs/view/agentic-ai-intern-at-europ-assistance-4399243703,Good ML fit; emphasize agent background. In France — apply in French or bilingual.,3,Overlaps with your agent experience.,LinkedIn
Mercura (YC W25),Company,"Munich, Bavaria, Germany",Unknown,,https://de.linkedin.com/jobs/view/ai-llm-engineering-intern-at-mercura-yc-w25-4398250338,Strong llm signal — lead with your LLM/Agentic project work. In Germany — English applications OK at most tech companies.,3,Directly matches your llm focus.,LinkedIn
GoodData,Company,"Prague, Prague, Czechia",Unknown,,https://cz.linkedin.com/jobs/view/frontend-engineer-react-intern-at-gooddata-4395978969,Strong rag signal — lead with your LLM/Agentic project work.,3,Directly matches your rag focus.,LinkedIn
BMW Group,Company,"Munich, Bavaria, Germany",Unknown,,https://de.linkedin.com/jobs/view/intern-multimodal-agentic-ai-for-in-car-voice-assistant-f-m-x-at-bmw-group-4385028329,Good ML fit; emphasize agent background. In Germany — English applications OK at most tech companies.,3,Overlaps with your agent experience.,LinkedIn
AUMOVIO,Company,"Budapest, Budapest, Hungary",Unknown,,https://hu.linkedin.com/jobs/view/llm-innovation-intern-at-aumovio-4378795244,Strong llm signal — lead with your LLM/Agentic project work.,3,Directly matches your llm focus.,LinkedIn
BMW Group,Company,"Munich, Bavaria, Germany",Unknown,,https://de.linkedin.com/jobs/view/intern-agent-based-ai-systems-and-bmw-intelligent-personal-assistant-f-m-x-at-bmw-group-4374296081,Good ML fit; emphasize agent background. In Germany — English applications OK at most tech companies.,3,Overlaps with your agent experience.,LinkedIn
Unknown,Company,MÃ¼nchenÂ+ 0 more,Unknown,,https://www.xing.com/jobs/muenchen-machine-learning-working-student-internship-148313451,Good ML fit; emphasize machine learning background.,3,Overlaps with your machine learning experience.,XING
Unknown,Company,ZÃ¼richÂ+ 0 more,Unknown,,https://www.xing.com/jobs/zuerich-internship-machine-learning-80-100-149432693,Good ML fit; emphasize machine learning background.,3,Overlaps with your machine learning experience.,XING
Unknown,Company,CrailsheimÂ+ 0 more,Unknown,,https://www.xing.com/jobs/crailsheim-praktikum-abschlussarbeit-bereich-machine-learning-amp-vision-systeme-152718887,Good ML fit; emphasize machine learning background.,3,Overlaps with your machine learning experience.,XING
Unknown,Company,BerlinÂ+ 0 more,Unknown,,https://www.xing.com/jobs/berlin-abschlussarbeit-praktikum-werkstudent-kuenstliche-intelligenz-ai-agentensysteme-153179358,Good ML fit; emphasize agent background. In Germany — English applications OK at most tech companies.,3,Overlaps with your agent experience.,XING
Unknown,Company,ZugÂ+ 0 more,Unknown,,https://www.xing.com/jobs/zug-praktikum-ki-agenten-automation-152470294,Good ML fit; emphasize agent background.,3,Overlaps with your agent experience.,XING
Unknown,Company,RÃ¼mlangÂ+ 0 more,Unknown,,https://www.xing.com/jobs/ruemlang-data-science-internship-wearables-sensor-data-80-100-153015054,Good ML fit; emphasize data science background.,3,Overlaps with your data science experience.,XING
Unknown,Company,StuttgartÂ+ 0 more,Unknown,,https://www.xing.com/jobs/stuttgart-intern-generative-agentic-ai-engineering-mandatory-internship-153041017,Good ML fit; emphasize agent background.,3,Overlaps with your agent experience.,XING
Unknown,Company,BerlinÂ+ 0 more,Remote possible (Medium),,https://www.xing.com/jobs/berlin-unpaid-internship-ai-ml-llms-image-generation-berlin-remote-149211932,Solid engineering role; highlight Python and ML exposure. Remote available — mention international availability.,3,Remote/hybrid accessible from Tunisia.,XING
Vantage Data Centers,Company,,Remote possible (Medium),,,Strong rag signal — lead with your LLM/Agentic project work. Remote available — mention international availability.,3,Directly matches your rag focus; remote/hybrid accessible from Tunisia.,Built In
1nce,Company,Anywhere in the World,Fully Remote (High),,https://weworkremotely.com/remote-jobs/1nce-product-owner-frontend-all,Solid engineering role; highlight Python and ML exposure. Remote available — mention international availability.,2,Remote/hybrid accessible from Tunisia.,We Work Remotely
Speechify,Startup,Anywhere in the World,Fully Remote (High),,https://weworkremotely.com/remote-jobs/speechify-software-engineer-web-core-product-chrome-extension,Solid engineering role; highlight Python and ML exposure. Remote available — mention international availability.,2,Remote/hybrid accessible from Tunisia.,We Work Remotely
Speechify Inc,Startup,Anywhere in the World,Fully Remote (High),,https://weworkremotely.com/remote-jobs/speechify-inc-software-engineer-ios-core-product,Solid engineering role; highlight Python and ML exposure. Remote available — mention international availability.,2,Remote/hybrid accessible from Tunisia.,We Work Remotely
Wemolo,Company,Wroclaw,Fully Remote (High),,https://remoteOK.com/remote-jobs/remote-implementation-specialist-poland-wemolo-1131073,Solid engineering role; highlight Python and ML exposure. Remote available — mention international availability.,2,Remote/hybrid accessible from Tunisia.,Remote OK
Concentric,Company,Seattle,Fully Remote (High),,https://remoteOK.com/remote-jobs/remote-internship-marketing-summer-2026-concentric-1130969,Solid engineering role; highlight Python and ML exposure. Remote available — mention international availability.,2,Remote/hybrid accessible from Tunisia.,Remote OK
WhiteBridge-Ltd,Company,Remote,Fully Remote (High),,https://remoteOK.com/remote-jobs/remote-junior-crypto-analyst-trader-whitebridge-ltd-1130961,Solid engineering role; highlight Python and ML exposure. Remote available — mention international availability.,2,Remote/hybrid accessible from Tunisia.,Remote OK
Fisher Agencies,Company,Remote,Fully Remote (High),,https://remoteOK.com/remote-jobs/remote-benefits-advisor-leadership-training-program-fisher-agencies-1130788,Solid engineering role; highlight Python and ML exposure. Remote available — mention international availability.,2,Remote/hybrid accessible from Tunisia.,Remote OK
Nest Veterinary,Startup,United States,Fully Remote (High),,https://remoteOK.com/remote-jobs/remote-implementation-specialist-nest-veterinary-1130501,Solid engineering role; highlight Python and ML exposure. Remote available — mention international availability.,2,Remote/hybrid accessible from Tunisia.,Remote OK
Bending Spoons,Company,"Paris, Île-de-France, France",Unknown,,https://fr.linkedin.com/jobs/view/software-engineer-intern-at-bending-spoons-4405738205,Solid engineering role; highlight Python and ML exposure. In France — apply in French or bilingual.,2,General software engineering overlap with your skills.,LinkedIn
Mirakl,Company,"Paris, Île-de-France, France",Unknown,,https://fr.linkedin.com/jobs/view/analytics-engineer-intern-at-mirakl-4384028433,Solid engineering role; highlight Python and ML exposure. In France — apply in French or bilingual.,2,General software engineering overlap with your skills.,LinkedIn
Joko,Company,"Paris, Île-de-France, France",Unknown,,https://fr.linkedin.com/jobs/view/data-analyst-intern-at-joko-4376392910,Solid engineering role; highlight Python and ML exposure. In France — apply in French or bilingual.,2,General software engineering overlap with your skills.,LinkedIn
Harmattan AI,Company,"Paris, Île-de-France, France",Unknown,,https://fr.linkedin.com/jobs/view/ai-research-intern-at-harmattan-ai-4387995341,Solid engineering role; highlight Python and ML exposure. In France — apply in French or bilingual.,2,General software engineering overlap with your skills.,LinkedIn
Novaspace,Company,"Paris, Île-de-France, France",Unknown,,https://fr.linkedin.com/jobs/view/data-engineer-intern-at-novaspace-4342302813,Solid engineering role; highlight Python and ML exposure. In France — apply in French or bilingual.,2,General software engineering overlap with your skills.,LinkedIn
Mirakl,Company,"Paris, Île-de-France, France",Unknown,,https://fr.linkedin.com/jobs/view/data-analyst-intern-at-mirakl-4400181775,Solid engineering role; highlight Python and ML exposure. In France — apply in French or bilingual.,2,General software engineering overlap with your skills.,LinkedIn
Criteo,Company,"Paris, Île-de-France, France",Unknown,,https://fr.linkedin.com/jobs/view/research-intern-at-criteo-4390828029,Solid engineering role; highlight Python and ML exposure. In France — apply in French or bilingual.,2,General software engineering overlap with your skills.,LinkedIn
Criteo,Company,"Paris, Île-de-France, France",Unknown,,https://fr.linkedin.com/jobs/view/product-data-scientist-intern-at-criteo-4390810974,Solid engineering role; highlight Python and ML exposure. In France — apply in French or bilingual.,2,General software engineering overlap with your skills.,LinkedIn
360Learning,Company,"Paris, Île-de-France, France",Unknown,,https://fr.linkedin.com/jobs/view/data-analyst-6-month-internship-at-360learning-4404937665,Solid engineering role; highlight Python and ML exposure. In France — apply in French or bilingual.,2,General software engineering overlap with your skills.,LinkedIn
ENGIE - International Supply & Energy Management,Company,"Courbevoie, Île-de-France, France",Unknown,,https://fr.linkedin.com/jobs/view/intern-risk-analytics-data-scientist-assistant-at-engie-international-supply-energy-management-4375872945,Solid engineering role; highlight Python and ML exposure. In France — apply in French or bilingual.,2,General software engineering overlap with your skills.,LinkedIn
Candriam,Company,"Paris, Île-de-France, France",Unknown,,https://fr.linkedin.com/jobs/view/quantitative-analyst-intern-f-m-at-candriam-4405805607,Solid engineering role; highlight Python and ML exposure. In France — apply in French or bilingual.,2,General software engineering overlap with your skills.,LinkedIn
L'Usine Nouvelle,Company,"Guyancourt, Île-de-France, France",Unknown,,https://fr.linkedin.com/jobs/view/carbon-data-analyst-intern-m-f-at-l-usine-nouvelle-4399099175,Solid engineering role; highlight Python and ML exposure. In France — apply in French or bilingual.,2,General software engineering overlap with your skills.,LinkedIn
ADM,Company,"Vannes, Brittany, France",Unknown,,https://fr.linkedin.com/jobs/view/r-d-intern-at-adm-4397321641,Solid engineering role; highlight Python and ML exposure. In France — apply in French or bilingual.,2,General software engineering overlap with your skills.,LinkedIn
AEROCONTACT,Company,"Toulouse, Occitanie, France",Unknown,,https://fr.linkedin.com/jobs/view/atr-apprenticeship-geospatial-data-science-f-m-h-f-avions-de-transport-regional-atr-gie-at-aerocontact-4398508625,Good ML fit; emphasize data science background. In France — apply in French or bilingual.,2,Overlaps with your data science experience.,LinkedIn
Taktile,Company,"Berlin, Berlin, Germany",Unknown,,https://de.linkedin.com/jobs/view/software-engineer-intern-at-taktile-4342501529,Solid engineering role; highlight Python and ML exposure. In Germany — English applications OK at most tech companies.,2,General software engineering overlap with your skills.,LinkedIn
acemate.ai,Company,"Berlin, Berlin, Germany",Unknown,,https://de.linkedin.com/jobs/view/software-developer-intern-working-student-at-acemate-ai-4399011215,Solid engineering role; highlight Python and ML exposure. In Germany — English applications OK at most tech companies.,2,General software engineering overlap with your skills.,LinkedIn
Hey Telo (YC W25),Company,"Munich, Bavaria, Germany",Unknown,,https://de.linkedin.com/jobs/view/ai-engineer-internship-4-6-months-at-hey-telo-yc-w25-4320612577,Solid engineering role; highlight Python and ML exposure. In Germany — English applications OK at most tech companies.,2,General software engineering overlap with your skills.,LinkedIn
Merantix Capital,Company,"Berlin, Berlin, Germany",Unknown,,https://de.linkedin.com/jobs/view/ai-engineering-intern-stealth-ai-venture-at-merantix-capital-4398488447,Solid engineering role; highlight Python and ML exposure. In Germany — English applications OK at most tech companies.,2,General software engineering overlap with your skills.,LinkedIn
Merantix Capital,Company,"Berlin, Berlin, Germany",Unknown,,https://de.linkedin.com/jobs/view/ai-data-engineering-intern-%40briink-ai-esg-at-merantix-capital-4384031964,Solid engineering role; highlight Python and ML exposure. In Germany — English applications OK at most tech companies.,2,General software engineering overlap with your skills.,LinkedIn
SANOVIO,Company,"Munich, Bavaria, Germany",Unknown,,https://de.linkedin.com/jobs/view/ai-engineering-intern-at-sanovio-4400873418,Solid engineering role; highlight Python and ML exposure. In Germany — English applications OK at most tech companies.,2,General software engineering overlap with your skills.,LinkedIn
Marvel Fusion,Company,"Munich, Bavaria, Germany",Unknown,,https://de.linkedin.com/jobs/view/ai-venture-development-intern-f-m-x-at-marvel-fusion-4402705543,Solid engineering role; highlight Python and ML exposure. In Germany — English applications OK at most tech companies.,2,General software engineering overlap with your skills.,LinkedIn
Comena,Company,"Munich, Bavaria, Germany",Unknown,,https://de.linkedin.com/jobs/view/software-engineering-intern-at-comena-4309748645,Solid engineering role; highlight Python and ML exposure. In Germany — English applications OK at most tech companies.,2,General software engineering overlap with your skills.,LinkedIn
traide AI,Startup,"Berlin, Berlin, Germany",Unknown,,https://de.linkedin.com/jobs/view/ai-associate-f-m-x-b2b-saas-startup-intern-working-student-at-traide-ai-4399952059,Solid engineering role; highlight Python and ML exposure. In Germany — English applications OK at most tech companies.,2,General software engineering overlap with your skills.,LinkedIn
Briink,Company,"Berlin, Berlin, Germany",Unknown,,https://de.linkedin.com/jobs/view/growth-intern-merantix-ai-campus-at-briink-4399933254,Solid engineering role; highlight Python and ML exposure. In Germany — English applications OK at most tech companies.,2,General software engineering overlap with your skills.,LinkedIn
WaveSix,Company,"Berlin, Berlin, Germany",Unknown,,https://de.linkedin.com/jobs/view/intern-ai-strategy-consultant-at-wavesix-4384461702,Solid engineering role; highlight Python and ML exposure. In Germany — English applications OK at most tech companies.,2,General software engineering overlap with your skills.,LinkedIn
Finoa,Company,"Berlin, Berlin, Germany",Unknown,,https://de.linkedin.com/jobs/view/business-development-intern-m-f-d-at-finoa-4407192891,Solid engineering role; highlight Python and ML exposure. In Germany — English applications OK at most tech companies.,2,General software engineering overlap with your skills.,LinkedIn
roofline,Company,"Cologne, North Rhine-Westphalia, Germany",Unknown,,https://de.linkedin.com/jobs/view/intern-software-engineer-edge-ai-engineering-at-roofline-4407196185,Solid engineering role; highlight Python and ML exposure. In Germany — English applications OK at most tech companies.,2,General software engineering overlap with your skills.,LinkedIn
SANOVIO,Company,"Munich, Bavaria, Germany",Unknown,,https://de.linkedin.com/jobs/view/software-engineering-intern-full-stack-at-sanovio-4399550984,Solid engineering role; highlight Python and ML exposure. In Germany — English applications OK at most tech companies.,2,General software engineering overlap with your skills.,LinkedIn
Avelios Medical,Company,"Munich, Bavaria, Germany",Unknown,,https://de.linkedin.com/jobs/view/intern-machine-learning-all-genders-at-avelios-medical-4384875845,Good ML fit; emphasize machine learning background. In Germany — English applications OK at most tech companies.,2,Overlaps with your machine learning experience.,LinkedIn
NewNow,Company,Germany,Unknown,,https://de.linkedin.com/jobs/view/intern-ai-solutions-project-management-business-development-at-newnow-4403756721,Solid engineering role; highlight Python and ML exposure. In Germany — English applications OK at most tech companies.,2,General software engineering overlap with your skills.,LinkedIn
Chaos,Company,"Karlsruhe, Baden-Württemberg, Germany",Unknown,,https://de.linkedin.com/jobs/view/software-development-internship-foundational-training-at-chaos-4383801025,Solid engineering role; highlight Python and ML exposure. In Germany — English applications OK at most tech companies.,2,General software engineering overlap with your skills.,LinkedIn
Sereact,Company,"Stuttgart, Baden-Württemberg, Germany",Unknown,,https://de.linkedin.com/jobs/view/robotics-engineer-intern-at-sereact-4398525782,Solid engineering role; highlight Python and ML exposure. In Germany — English applications OK at most tech companies.,2,General software engineering overlap with your skills.,LinkedIn
VTTI,Company,"Rotterdam, South Holland, Netherlands",Unknown,,https://nl.linkedin.com/jobs/view/data-science-intern-at-vtti-4405659385,Good ML fit; emphasize data science background.,2,Overlaps with your data science experience.,LinkedIn
HCSS - The Hague Centre for Strategic Studies,Company,"The Hague, South Holland, Netherlands",Unknown,,https://nl.linkedin.com/jobs/view/data-science-intern-at-hcss-the-hague-centre-for-strategic-studies-4400554299,Good ML fit; emphasize data science background.,2,Overlaps with your data science experience.,LinkedIn
BMW Group,Company,"Richmond Hill, Ontario, Canada",Unknown,,https://ca.linkedin.com/jobs/view/data-analytics-intern-12-months-at-bmw-group-4398960088,Solid engineering role; highlight Python and ML exposure. Canada role — check visa/permit requirements for internships.,2,General software engineering overlap with your skills.,LinkedIn
Skrypt AI Labs,Company,"Toronto, Ontario, Canada",Unknown,,https://ca.linkedin.com/jobs/view/software-engineer-intern-at-skrypt-ai-labs-4406687582,Solid engineering role; highlight Python and ML exposure. Canada role — check visa/permit requirements for internships.,2,General software engineering overlap with your skills.,LinkedIn
Cohere,Startup,Canada,Unknown,,https://ca.linkedin.com/jobs/view/machine-learning-intern-co-op-spring-summer-2026-at-cohere-4404401022,Good ML fit; emphasize machine learning background. Canada role — check visa/permit requirements for internships.,2,Overlaps with your machine learning experience.,LinkedIn
Zip,Company,"Toronto, Ontario, Canada",Unknown,,https://ca.linkedin.com/jobs/view/software-engineer-intern-fall-2026-at-zip-4391767454,Solid engineering role; highlight Python and ML exposure. Canada role — check visa/permit requirements for internships.,2,General software engineering overlap with your skills.,LinkedIn
Waabi,Company,"Toronto, Ontario, Canada",Unknown,,https://ca.linkedin.com/jobs/view/research-internship-co-op-at-waabi-4344904704,Solid engineering role; highlight Python and ML exposure. Canada role — check visa/permit requirements for internships.,2,General software engineering overlap with your skills.,LinkedIn
CWP Energy,Company,"Montreal, Quebec, Canada",Unknown,,https://ca.linkedin.com/jobs/view/data-science-intern-stagiaire-en-science-des-donn%C3%A9es-at-cwp-energy-4383355630,Good ML fit; emphasize data science background. Canada role — check visa/permit requirements for internships.,2,Overlaps with your data science experience.,LinkedIn
BNP Paribas,Company,"Montreal, Quebec, Canada",Unknown,,https://ca.linkedin.com/jobs/view/data-analyst-intern-at-bnp-paribas-4348934280,Solid engineering role; highlight Python and ML exposure. Canada role — check visa/permit requirements for internships.,2,General software engineering overlap with your skills.,LinkedIn
Google,Company,"Toronto, Ontario, Canada",Unknown,,https://ca.linkedin.com/jobs/view/student-researcher-bs-ms-winter-summer-2026-at-google-4365882378,Solid engineering role; highlight Python and ML exposure. Canada role — check visa/permit requirements for internships.,2,General software engineering overlap with your skills.,LinkedIn
Cohere,Startup,Canada,Unknown,,https://ca.linkedin.com/jobs/view/software-engineer-intern-spring-summer-2026-at-cohere-4404285795,Solid engineering role; highlight Python and ML exposure. Canada role — check visa/permit requirements for internships.,2,General software engineering overlap with your skills.,LinkedIn
Amdocs,Company,"Brampton, Ontario, Canada",Unknown,,https://ca.linkedin.com/jobs/view/software-engineer-intern-rogers-genai-log-mining-at-amdocs-4401824557,Solid engineering role; highlight Python and ML exposure. Canada role — check visa/permit requirements for internships.,2,General software engineering overlap with your skills.,LinkedIn
Stripe,Company,"Toronto, Ontario, Canada",Unknown,,https://ca.linkedin.com/jobs/view/phd-data-scientist-intern-at-stripe-4402658628,Solid engineering role; highlight Python and ML exposure. Canada role — check visa/permit requirements for internships.,2,General software engineering overlap with your skills.,LinkedIn
d-Matrix,Company,"Toronto, Ontario, Canada",Unknown,,https://ca.linkedin.com/jobs/view/software-engineering-intern-kernels-at-d-matrix-4377543632,Solid engineering role; highlight Python and ML exposure. Canada role — check visa/permit requirements for internships.,2,General software engineering overlap with your skills.,LinkedIn
Stripe,Company,"Toronto, Ontario, Canada",Unknown,,https://ca.linkedin.com/jobs/view/data-analyst-intern-master-s-degree-at-stripe-4402609290,Solid engineering role; highlight Python and ML exposure. Canada role — check visa/permit requirements for internships.,2,General software engineering overlap with your skills.,LinkedIn
BNP Paribas,Company,"Montreal, Quebec, Canada",Unknown,,https://ca.linkedin.com/jobs/view/modelling-ai-machine-learning-intern-at-bnp-paribas-4348427870,Good ML fit; emphasize machine learning background. Canada role — check visa/permit requirements for internships.,2,Overlaps with your machine learning experience.,LinkedIn
CWP Energy,Company,"Montreal, Quebec, Canada",Unknown,,https://ca.linkedin.com/jobs/view/software-developer-intern-stagiaire-d%C3%A9veloppeur-logiciel-at-cwp-energy-4383349852,Solid engineering role; highlight Python and ML exposure. Canada role — check visa/permit requirements for internships.,2,General software engineering overlap with your skills.,LinkedIn
Bell Integration,Company,"London Area, United Kingdom",Unknown,,https://uk.linkedin.com/jobs/view/summer-intern-ai-data-at-bell-integration-4405097483,Solid engineering role; highlight Python and ML exposure.,2,General software engineering overlap with your skills.,LinkedIn
Garda Capital Partners,Company,"Geneva, Geneva, Switzerland",Unknown,,https://ch.linkedin.com/jobs/view/ai-intern-at-garda-capital-partners-4394681641,Solid engineering role; highlight Python and ML exposure.,2,General software engineering overlap with your skills.,LinkedIn
Homeprotect Home Insurance,Company,"New Malden, England, United Kingdom",Unknown,,https://uk.linkedin.com/jobs/view/summer-intern-ai-development-at-homeprotect-home-insurance-4405650279,Solid engineering role; highlight Python and ML exposure.,2,General software engineering overlap with your skills.,LinkedIn
AILY LABS,Company,"Madrid, Community of Madrid, Spain",Hybrid (Medium),,https://es.linkedin.com/jobs/view/intern-data-practitioner-%E2%80%93-barcelona-madrid-hybrid-at-aily-labs-4395855885,Solid engineering role; highlight Python and ML exposure.,2,Remote/hybrid accessible from Tunisia.,LinkedIn
AILY LABS,Company,"Madrid, Community of Madrid, Spain",Hybrid (Medium),,https://es.linkedin.com/jobs/view/intern-data-scientist-barcelona-madrid-hybrid-at-aily-labs-4402455460,Solid engineering role; highlight Python and ML exposure.,2,Remote/hybrid accessible from Tunisia.,LinkedIn
Vega,Company,"London, England, United Kingdom",Unknown,,https://uk.linkedin.com/jobs/view/product-operations-intern-at-vega-4398545089,Solid engineering role; highlight Python and ML exposure.,2,General software engineering overlap with your skills.,LinkedIn
EY,Company,"Zurich, Zurich, Switzerland",Unknown,,https://ch.linkedin.com/jobs/view/intern-technology-consulting-ai-data-at-ey-4393078013,Solid engineering role; highlight Python and ML exposure.,2,General software engineering overlap with your skills.,LinkedIn
DoubleVerify,Company,"Ghent, Flemish Region, Belgium",Unknown,,https://be.linkedin.com/jobs/view/software-engineering-intern-at-doubleverify-4385349345,Solid engineering role; highlight Python and ML exposure.,2,General software engineering overlap with your skills.,LinkedIn
Teal AI,Company,"Valencia, Valencian Community, Spain",Unknown,,https://es.linkedin.com/jobs/view/intern-gtm-advanced-english-at-teal-ai-4407432891,Solid engineering role; highlight Python and ML exposure.,2,General software engineering overlap with your skills.,LinkedIn
Schneider Electric,Company,"Warsaw, Mazowieckie, Poland",Unknown,,https://pl.linkedin.com/jobs/view/internship-in-global-ai-sales-enablement-analytics-at-schneider-electric-4400403670,Solid engineering role; highlight Python and ML exposure.,2,General software engineering overlap with your skills.,LinkedIn
Early-Stage AI Startup in Stealth,Startup,"Munich, Bavaria, Germany",Unknown,,https://de.linkedin.com/jobs/view/founder%E2%80%99s-associate-intern-gtm-at-early-stage-ai-startup-in-stealth-4371917629,Solid engineering role; highlight Python and ML exposure. In Germany — English applications OK at most tech companies.,2,General software engineering overlap with your skills.,LinkedIn
Unknown,Company,HerzogenrathÂ+ 0 more,Unknown,,https://www.xing.com/jobs/herzogenrath-praktikanten-machine-learning-150195251,Good ML fit; emphasize machine learning background.,2,Overlaps with your machine learning experience.,XING
Unknown,Company,WarburgÂ+ 0 more,Unknown,,https://www.xing.com/jobs/warburg-praktikum-artificial-intelligence-151052923,Solid engineering role; highlight Python and ML exposure.,2,General software engineering overlap with your skills.,XING
Unknown,Company,HeilbronnÂ+ 0 more,Unknown,,https://www.xing.com/jobs/heilbronn-praktikum-computer-vision-ai-146732245,Solid engineering role; highlight Python and ML exposure.,2,General software engineering overlap with your skills.,XING
Unknown,Company,AugsburgÂ+ 0 more,Unknown,,https://www.xing.com/jobs/augsburg-praktikum-softwareentwicklung-ki-systeme-153003602,Solid engineering role; highlight Python and ML exposure.,2,General software engineering overlap with your skills.,XING
Unknown,Company,ZÃ¼richÂ+ 0 more,Unknown,,https://www.xing.com/jobs/zuerich-internship-master-thesis-semester-project-152054757,Solid engineering role; highlight Python and ML exposure.,2,General software engineering overlap with your skills.,XING
Unknown,Company,WolfsburgÂ+ 0 more,Unknown,,https://www.xing.com/jobs/wolfsburg-praktikum-machine-learning-fahrsteuerung-151921015,Good ML fit; emphasize machine learning background.,2,Overlaps with your machine learning experience.,XING
Unknown,Company,WolfsburgÂ+ 0 more,Unknown,,https://www.xing.com/jobs/wolfsburg-praktikum-digitale-produktion-logistik-innovative-technologien-152334335,Solid engineering role; highlight Python and ML exposure.,2,General software engineering overlap with your skills.,XING
Unknown,Company,HannoverÂ+ 0 more,Unknown,,https://www.xing.com/jobs/hanover-data-engineer-intern-mandatory-pflichtpraktikum-146696648,Solid engineering role; highlight Python and ML exposure.,2,General software engineering overlap with your skills.,XING
Unknown,Company,DresdenÂ+ 0 more,Unknown,,https://www.xing.com/jobs/dresden-praktikum-bereich-factory-system-dresden-153106308,Solid engineering role; highlight Python and ML exposure.,2,General software engineering overlap with your skills.,XING
Unknown,Company,MÃ¼nchenÂ+ 0 more,Unknown,,https://www.xing.com/jobs/munich-unpaid-internship-opportunities-multiple-roles-148577282,Solid engineering role; highlight Python and ML exposure.,2,General software engineering overlap with your skills.,XING
Unknown,Company,HarsewinkelÂ+ 0 more,Unknown,,https://www.xing.com/jobs/harsewinkel-praktikum-abschlussarbeit-sensor-systems-computer-vision-ai-151919966,Solid engineering role; highlight Python and ML exposure.,2,General software engineering overlap with your skills.,XING
Unknown,Company,AachenÂ+ 0 more,Unknown,,https://www.xing.com/jobs/aachen-praktikum-bereich-computer-vision-all-genders-148331871,Solid engineering role; highlight Python and ML exposure.,2,General software engineering overlap with your skills.,XING
Unknown,Company,DarmstadtÂ+ 0 more,Unknown,,https://www.xing.com/jobs/darmstadt-masterand-bachelorand-praktikant-artificial-intelligence-engineering-152644749,Solid engineering role; highlight Python and ML exposure.,2,General software engineering overlap with your skills.,XING
Unknown,Company,KielÂ+ 0 more,Unknown,,https://www.xing.com/jobs/kiel-pflichtpraktikum-bereich-ki-automation-151601530,Solid engineering role; highlight Python and ML exposure.,2,General software engineering overlap with your skills.,XING
Unknown,Company,IngolstadtÂ+ 0 more,Unknown,,https://www.xing.com/jobs/ingolstadt-praktikum-ai-coordinator-plant-ingolstadt-ref8056x-152854495,Solid engineering role; highlight Python and ML exposure.,2,General software engineering overlap with your skills.,XING
Unknown,Company,HamburgÂ+ 0 more,Unknown,,https://www.xing.com/jobs/hamburg-praktikum-werkstudium-kuenstliche-intelligenz-ai-interne-prozesse-consulting-gn-146824490,Solid engineering role; highlight Python and ML exposure. In Germany — English applications OK at most tech companies.,2,General software engineering overlap with your skills.,XING
Unknown,Company,Esslingen am NeckarÂ+ 0 more,Unknown,,https://www.xing.com/jobs/esslingen-neckar-praktikum-ai-digitalization-153501931,Solid engineering role; highlight Python and ML exposure.,2,General software engineering overlap with your skills.,XING
Unknown,Company,GlashÃ¼tteÂ+ 0 more,Unknown,,https://www.xing.com/jobs/glashuette-praktikum-ai-data-transformation-152722256,Solid engineering role; highlight Python and ML exposure.,2,General software engineering overlap with your skills.,XING
Unknown,Startup,WissenÂ+ 0 more,Unknown,,https://www.xing.com/jobs/wissen-bezahltes-praktikum-praxissemester-informatik-ki-software-entwicklung-146719747,Solid engineering role; highlight Python and ML exposure.,2,General software engineering overlap with your skills.,XING
Unknown,Company,WolfsburgÂ+ 0 more,Unknown,,https://www.xing.com/jobs/wolfsburg-praktikum-data-ai-innovationsvorhaben-152587599,Solid engineering role; highlight Python and ML exposure.,2,General software engineering overlap with your skills.,XING
Unknown,Company,HÃ¼rthÂ+ 0 more,Unknown,,https://www.xing.com/jobs/huerth-praktikant-data-science-153252455,Good ML fit; emphasize data science background.,2,Overlaps with your data science experience.,XING
Unknown,Company,CrailsheimÂ+ 0 more,Unknown,,https://www.xing.com/jobs/crailsheim-praktikum-bereich-data-science-process-improvement-152006790,Good ML fit; emphasize data science background.,2,Overlaps with your data science experience.,XING
Unknown,Company,BaselÂ+ 0 more,Unknown,,https://www.xing.com/jobs/basel-praktikum-innovation-nachhaltigkeit-studierende-bereichen-informatik-wirtschaftsinformatik-data-science-statistik-mathematik-business-analytics-153698146,Good ML fit; emphasize data science background.,2,Overlaps with your data science experience.,XING
Unknown,Company,MÃ¼nchenÂ+ 0 more,Unknown,,https://www.xing.com/jobs/muenchen-praktikum-datenanalyse-visualisierung-151386116,Solid engineering role; highlight Python and ML exposure.,2,General software engineering overlap with your skills.,XING
Unknown,Company,EysinsÂ+ 0 more,Unknown,,https://www.xing.com/jobs/eysins-internship-advanced-analytics-153214801,Solid engineering role; highlight Python and ML exposure.,2,General software engineering overlap with your skills.,XING
Unknown,Company,BerlinÂ+ 0 more,Unknown,,https://www.xing.com/jobs/berlin-praktikum-associate-intern-tech-ai-153193220,Solid engineering role; highlight Python and ML exposure. In Germany — English applications OK at most tech companies.,2,General software engineering overlap with your skills.,XING
Unknown,Company,MÃ¼nchenÂ+ 0 more,Unknown,,https://www.xing.com/jobs/muenchen-ai-transformation-internship-153318583,Solid engineering role; highlight Python and ML exposure.,2,General software engineering overlap with your skills.,XING
Unknown,Company,MÃ¼nchenÂ+ 0 more,Unknown,,https://www.xing.com/jobs/munich-ai-engineering-intern-149569728,Solid engineering role; highlight Python and ML exposure.,2,General software engineering overlap with your skills.,XING
Unknown,Company,BerlinÂ+ 0 more,Unknown,,https://www.xing.com/jobs/berlin-praktikum-fellow-intern-tech-ai-153363393,Solid engineering role; highlight Python and ML exposure. In Germany — English applications OK at most tech companies.,2,General software engineering overlap with your skills.,XING
Unknown,Company,Frankfurt am MainÂ+ 0 more,Unknown,,https://www.xing.com/jobs/frankfurt-main-intern-ai-solutions-project-management-business-development-146647765,Solid engineering role; highlight Python and ML exposure.,2,General software engineering overlap with your skills.,XING
Hewlett Packard Enterprise,Company,,Onsite (Low),,,Strong rag signal — lead with your LLM/Agentic project work.,2,Directly matches your rag focus.,Built In
Murex,Company,,Remote possible (Medium),,,Solid engineering role; highlight Python and ML exposure. Remote available — mention international availability.,2,Remote/hybrid accessible from Tunisia.,Built In
Block Labs,Company,,Remote possible (Medium),,,Solid engineering role; highlight Python and ML exposure. Remote available — mention international availability.,2,Remote/hybrid accessible from Tunisia.,Built In
